name,pt1_accuracy,pt1_balanced_accuracy,pt1_f1_score,pt1_precision,pt1_recall,pt2_accuracy,pt2_balanced_accuracy,pt2_f1_score,pt2_precision,pt2_recall,pt3_accuracy,pt3_balanced_accuracy,pt3_f1_score,pt3_precision,pt3_recall,pt4_accuracy,pt4_balanced_accuracy,pt4_f1_score,pt4_precision,pt4_recall,pt5_accuracy,pt5_balanced_accuracy,pt5_f1_score,pt5_precision,pt5_recall,pt6_accuracy,pt6_balanced_accuracy,pt6_f1_score,pt6_precision,pt6_recall,overall_accuracy,overall_balanced_accuracy,overall_f1_score,overall_precision,overall_recall
layer1,1.0,1.0,1.0,1.0,1.0,1.0,1.0,1.0,1.0,1.0,1.0,1.0,1.0,1.0,1.0,1.0,1.0,1.0,1.0,1.0,1.0,1.0,1.0,1.0,1.0,1.0,1.0,1.0,1.0,1.0,1.0,1.0,1.0,1.0,1.0
layer2,1.0,1.0,1.0,1.0,1.0,1.0,1.0,1.0,1.0,1.0,1.0,1.0,1.0,1.0,1.0,1.0,1.0,1.0,1.0,1.0,1.0,1.0,1.0,1.0,1.0,1.0,1.0,1.0,1.0,1.0,1.0,1.0,1.0,1.0,1.0
layer3,1.0,1.0,1.0,1.0,1.0,0.969811320754717,0.9635416666666667,0.9754601226993865,0.9578313253012049,0.99375,0.9931972789115646,0.9880952380952381,0.9952606635071091,0.9905660377358491,1.0,1.0,1.0,1.0,1.0,1.0,1.0,1.0,1.0,1.0,1.0,0.9831649831649831,0.9795081967213115,0.9859154929577464,0.9722222222222222,1.0,0.9914089347079038,0.9881757995298786,0.9934065934065934,0.9877622377622378,0.9991158267020336
"transformation(0, 1, 0.3)",0.9966666666666667,0.996,0.9971509971509972,0.9943181818181818,1.0,0.8866666666666667,0.8710872216450607,0.9081081081081082,0.835820895522388,0.9940828402366864,0.98,0.9662921348314606,0.985981308411215,0.9723502304147466,1.0,0.99,0.9820172794856339,0.9936842105263158,0.9915966386554622,0.9957805907172996,0.9966666666666667,0.9959016393442623,0.9971988795518207,0.994413407821229,1.0,0.9766666666666667,0.9717741935483871,0.9805013927576601,0.9617486338797814,1.0,0.9711111111111111,0.9609010999567702,0.9777777777777777,0.9581239530988275,0.9982547993019197
