pt1,pt2,pt3,pt4,pt5,pt6
0.8,1.0,0.0,0.0,0.0,0.0
0.0,1.0,0.2857142857142857,0.7142857142857143,0.0,0.8571428571428571
