,pt1,pt2,pt3,pt4,pt5,pt6,name
0,0.5000000000000001,0.4600000000000001,0.5000000000000001,0.5800000000000002,0.4000000000000001,0.43000000000000005,LinearRegression
1,0.29000000000000004,0.34,0.4000000000000001,0.5000000000000001,0.45000000000000007,0.4000000000000001,KNeighborsRegressor
2,0.05,0.34,0.21000000000000002,0.28,0.05,0.05,DecisionTreeRegressor
3,0.29000000000000004,0.36000000000000004,0.33,0.35000000000000003,0.24000000000000005,0.37000000000000005,RandomForestRegressor
4,0.4000000000000001,0.28,0.4700000000000001,0.37000000000000005,0.5600000000000002,0.5800000000000002,SVR
