name,case_disagreement,total_disagreement,pt1_disagreement,pt2_disagreement,pt3_disagreement,pt4_disagreement,pt5_disagreement,pt6_disagreement
layer1,0.89,0.35555555555555557,0.49333333333333335,0.39666666666666667,0.31,0.26,0.31,0.36333333333333334
layer2,0.6833333333333333,0.19000000000000003,0.17666666666666667,0.19,0.24,0.14666666666666667,0.17,0.21666666666666667
layer3,0.18333333333333332,0.031111111111111114,0.0,0.10333333333333333,0.03666666666666667,0.023333333333333334,0.0033333333333333335,0.02
layer2_exclusive,0.7677902621722846,0.534375,0.3581081081081081,0.4789915966386555,0.7741935483870968,0.5641025641025641,0.5483870967741936,0.5963302752293578
layer2_exclusive,0.26829268292682923,0.16374269005847952,0.0,0.543859649122807,0.1527777777777778,0.1590909090909091,0.0196078431372549,0.09230769230769231
