,pt1,pt2,pt3,pt4,pt5,pt6,name
0,0.49000000000000005,0.4700000000000001,0.49000000000000005,0.5300000000000001,0.4800000000000001,0.4100000000000001,LinearRegression
1,0.39000000000000007,0.37000000000000005,0.31000000000000005,0.5400000000000001,0.34,0.4000000000000001,KNeighborsRegressor
2,0.05,0.05,0.30000000000000004,0.17000000000000004,0.05,0.05,DecisionTreeRegressor
3,0.05,0.37000000000000005,0.36000000000000004,0.25000000000000006,0.05,0.35000000000000003,RandomForestRegressor
4,0.45000000000000007,0.31000000000000005,0.36000000000000004,0.36000000000000004,0.44000000000000006,0.30000000000000004,SVR
